0,Ciavash,ciavash@yahoo.com,1111,Super Admin
1,Matin,matin@yahoo.com,1111,Product Owner
2,Sepehr,sepehr@yahoo.com,1111,Product Owner
3,Mani,mani@yahoo.com,1111,Quality Assurance
4,Pooya,pooya@yahoo.com,1111,Quality Assurance
5,Shahryar,shahryar@yahoo.com,1111,Developer
6,Shirin,shirin@yahoo.com,1111,Developer
7,shahin,shah@yahoo.com,1111,Developer
8,arman,hgjk@hbjkl.verw,1111,Developer
9,hamid,h@h.hhh,1111,Developer
10,asghar,s@s.sss,1111,Developer
11,kosha,ko@ko.koko,1111,Developer
12,saman,sa@sa.sasasa,1111,Developer
